pmts,acc,dev,cal,mu,train_ind
1790.69870680418,1,1,1,71653.1310573789,TRUE
155681.600881634,1,2,2,1034984.05703287,TRUE
5503630.51313283,1,3,3,4297649.12423098,TRUE
11308565.0070145,1,4,4,10711919.9831222,TRUE
14312049.3237642,1,5,5,20185796.1103932,TRUE
38981951.3392471,1,6,6,31871300.7017401,TRUE
96010432.5339944,1,7,7,44538718.3539476,TRUE
38244390.2269535,1,8,8,56920843.241719,TRUE
75359969.99368,1,9,9,67946552.8615686,TRUE
42498982.8156766,1,10,10,76857288.7992872,TRUE
150906070.174359,1,11,11,83231655.9639568,TRUE
102739732.896954,1,12,12,86950911.4106478,TRUE
71474136.5547233,1,13,13,88134329.5420395,TRUE
55159582.2325478,1,14,14,87065728.6680909,TRUE
90724341.9549148,1,15,15,84124606.6170508,TRUE
108528519.445917,1,16,16,79728945.726332,TRUE
107427767.363639,1,17,17,74292207.2941213,TRUE
81592439.5777093,1,18,18,68194177.7671916,TRUE
54057815.3503078,1,19,19,61763782.5665152,TRUE
63812556.967274,1,20,20,55271353.7572948,TRUE
60393359.1763543,1,21,21,48927786.7099784,TRUE
40431200.3772375,1,22,22,42888291.8552664,TRUE
30421427.4684106,1,23,23,37258862.7499558,TRUE
17941919.7967912,1,24,24,32104028.0016273,TRUE
11945885.212611,1,25,25,27454867.6865468,TRUE
22920059.9532919,1,26,26,23316623.7482385,TRUE
35142935.8299778,1,27,27,19675508.9080887,TRUE
18906917.6180907,1,28,28,16504522.7779185,TRUE
3787965.2653278,1,29,29,13768226.4125569,TRUE
5328868.69605406,1,30,30,11426519.1396072,TRUE
10773392.8448827,1,31,31,9437515.84116955,TRUE
3565402.67106739,1,32,32,7759649.39774462,TRUE
4868145.18844815,1,33,33,6353130.43526675,TRUE
3919313.81979711,1,34,34,5180891.67942669,TRUE
551543.152149859,1,35,35,4209132.23625118,TRUE
1398962.24075531,1,36,36,3407561.63903131,TRUE
918899.100303444,1,37,37,2749427.00586415,TRUE
441412.919921081,1,38,38,2211390.71220023,TRUE
1949420.0973715,1,39,39,1773311.50766339,TRUE
1530279.54203885,1,40,40,1417969.43778268,TRUE
2403.7834108189,2,1,2,79188.9566336781,TRUE
245972.702303004,2,2,3,1143834.28050468,TRUE
2147243.82912609,2,3,4,4749636.82819336,TRUE
2885326.41729275,2,4,5,11838502.4421,TRUE
9734784.32773739,2,5,6,22308754.8194111,TRUE
21332206.8704669,2,6,7,35223234.6568072,TRUE
59609131.7167468,2,7,8,49222896.2531449,TRUE
90295108.2828638,2,8,9,62907260.5830907,TRUE
73224874.9980485,2,9,10,75092554.2060951,TRUE
123012596.514932,2,10,11,84940440.4231135,TRUE
123275052.749033,2,11,12,91985205.6346427,TRUE
90422920.8948261,2,12,13,96095618.5912197,TRUE
168456882.619566,2,13,14,97403497.8939576,TRUE
99087341.0166083,2,14,15,96222511.2850391,TRUE
99733130.3930578,2,15,16,92972068.7277185,TRUE
78838334.7581919,2,16,17,88114112.1455736,TRUE
80841190.36506,2,17,18,82105586.9411105,TRUE
62410197.250145,2,18,19,75366222.0503812,TRUE
71671932.121269,2,19,20,68259536.2828601,TRUE
58677733.6164484,2,20,21,61084292.7752333,TRUE
44246090.0138558,2,21,22,54073566.9576762,TRUE
27707843.1819624,2,22,23,47398892.884381,TRUE
77024653.9859724,2,23,24,41177411.5518233,TRUE
34339213.2826221,2,24,25,35480438.1004847,TRUE
15847865.2128203,2,25,26,30342321.3267864,TRUE
22506383.028354,2,26,27,25768854.4742652,TRUE
11238855.881179,2,27,28,21744800.243558,TRUE
30792593.2049689,2,28,29,18240318.5908726,TRUE
139480247.69587,2,29,30,15216243.4246389,TRUE
22305014.4636372,2,30,31,12628256.6479286,TRUE
13096699.8816006,2,31,32,10430068.0465388,TRUE
4719333.87855092,2,32,33,8575738.84885057,TRUE
12358550.0376926,2,33,34,7021294.99579809,TRUE
3235145.98642946,2,34,35,5725770.81380248,TRUE
962866.927653348,2,35,36,4651810.53783951,TRUE
1211533.10443676,2,36,37,3765938.02500759,TRUE
1141459.50595966,2,37,38,3038586.76825286,TRUE
1281902.11010859,2,38,39,2443964.70362629,TRUE
6946050.60914771,2,39,40,1959812.30695846,TRUE
698669.820480142,2,40,41,1567098.58535749,FALSE
106338.21712462,3,1,3,87517.3319042947,TRUE
668445.312479252,3,2,4,1264132.38191175,TRUE
3395903.56983173,3,3,5,5249160.49394036,TRUE
8916445.62209925,3,4,6,13083568.6125765,TRUE
34122140.3222016,3,5,7,24654987.0448931,TRUE
45248242.3202053,3,6,8,38927694.5832575,TRUE
41869187.4817511,3,7,9,54399713.4424306,TRUE
52618755.3698643,3,8,10,69523274.9322382,TRUE
117993083.103674,3,9,11,82990107.0725953,TRUE
67857749.3433048,3,10,12,93873704.524162,TRUE
73400396.8642344,3,11,13,101659374.160615,TRUE
89600017.6713762,3,12,14,106202083.021505,TRUE
85126061.5917037,3,13,15,107647513.191244,TRUE
67350108.0527616,3,14,16,106342321.136431,TRUE
106027632.752285,3,15,17,102750026.551205,TRUE
78882840.1737118,3,16,18,97381154.2153443,TRUE
106243186.572759,3,17,19,90740706.8988468,TRUE
111305682.438153,3,18,20,83292556.815313,TRUE
73293880.3516597,3,19,21,75438454.3811466,TRUE
44149486.0952198,3,20,22,67508583.926406,TRUE
56776208.026231,3,21,23,59760533.6382401,TRUE
45719788.2145113,3,22,24,52383877.9648007,TRUE
34781682.1766241,3,23,25,45508077.7287072,TRUE
18507804.8119204,3,24,26,39211948.3492388,TRUE
55371846.6963355,3,25,27,33533451.1172708,TRUE
23859625.9046005,3,26,28,28478988.5570814,TRUE
14568586.1092241,3,27,29,24031720.8485445,TRUE
36079333.3922115,3,28,30,20158669.643067,TRUE
37169396.9065572,3,29,31,16816549.7152707,TRUE
33981337.3650917,3,30,32,13956381.9932862,TRUE
10579789.4610839,3,31,33,11527007.8785847,TRUE
14356123.6807874,3,32,34,9477657.17676116,TRUE
8847798.15556648,3,33,35,7759731.03658612,TRUE
3295688.6219541,3,34,36,6327955.38698083,TRUE
4375348.23090165,3,35,37,5141045.72281807,TRUE
10150298.2252651,3,36,38,4162005.18451362,TRUE
7284887.93697864,3,37,39,3358157.72832252,TRUE
591092.28531638,3,38,40,2700998.71525114,TRUE
910129.429344516,3,39,41,2165927.56653723,FALSE
41461.1350833014,3,40,42,1731911.78229459,FALSE
906.106226523153,4,1,4,96721.6100482006,TRUE
2280548.85846337,4,2,5,1397082.34508657,TRUE
2264362.48262854,4,3,6,5801219.5222145,TRUE
8236735.14874702,4,4,7,14459579.5352669,TRUE
25917685.2644197,4,5,8,27247974.6675477,TRUE
29143806.6623525,4,6,9,43021755.9611471,TRUE
52422325.3527765,4,7,10,60120981.2482233,TRUE
87740341.8563639,4,8,11,76835101.5844875,TRUE
75491854.242991,4,9,12,91718252.8246165,TRUE
102328035.327835,4,10,13,103746488.21213,TRUE
122921305.356712,4,11,14,112350983.872083,TRUE
100409572.438517,4,12,15,117371453.594423,TRUE
108008333.54138,4,13,16,118968900.982128,TRUE
131384021.611137,4,14,17,117526440.680645,TRUE
103888214.252613,4,15,18,113556341.175892,TRUE
96951145.6784591,4,16,19,107622819.607438,TRUE
98147427.0054863,4,17,20,100283990.350232,TRUE
71079795.9080265,4,18,21,92052511.4844477,TRUE
105459267.850439,4,19,22,83372385.8866198,TRUE
82451195.6492025,4,20,23,74608523.6759332,TRUE
89198195.1119791,4,21,24,66045603.8256646,TRUE
68600669.3671991,4,22,25,57893138.5027215,TRUE
57646263.0438037,4,23,26,50294204.0432934,TRUE
23196523.296616,4,24,27,43335904.9566632,TRUE
36800750.3660518,4,25,28,37060194.9575191,TRUE
25914158.3636881,4,26,29,31474149.9294956,TRUE
25770942.3247256,4,27,30,26559158.9931237,TRUE
21930366.0780543,4,28,31,22278775.4366121,TRUE
38041003.3855364,4,29,32,18585161.6876905,TRUE
4448869.46420126,4,30,33,15424187.5005346,TRUE
8734057.07355432,4,31,34,12739313.8798407,TRUE
1722153.63784965,4,32,35,10474431.0832474,TRUE
5196953.21114117,4,33,36,8575829.07372399,TRUE
12750292.0388836,4,34,37,6993472.26457135,TRUE
3541596.61001835,4,35,38,5681734.22135573,TRUE
3809547.76599763,4,36,39,4599727.09080453,TRUE
6759633.65315476,4,37,40,3711338.25965304,TRUE
792235.763551684,4,38,41,2985065.22985526,FALSE
2557172.93460221,4,39,42,2393720.15719531,FALSE
121501.888157184,4,40,43,1914058.53446455,FALSE
104804.159894047,5,1,5,106893.910574725,TRUE
500759.325531799,5,2,6,1544014.7779466,TRUE
9248879.77367888,5,3,7,6411339.10532416,TRUE
44136017.6439717,5,4,8,15980306.7899788,TRUE
74710500.518295,5,5,9,30113669.1790357,TRUE
39230431.7332897,5,6,10,47546393.5328073,TRUE
51513857.2080518,5,7,11,66443960.0417075,TRUE
73614716.3506618,5,8,12,84915919.7585635,TRUE
91714084.8233285,5,9,13,101364345.678476,TRUE
115911279.968491,5,10,14,114657601.624525,TRUE
139957864.781445,5,11,15,124167039.992612,TRUE
108566821.878046,5,12,16,129715517.124822,TRUE
94235176.2601956,5,13,17,131480969.520869,TRUE
74993830.0016129,5,14,18,129886804.345192,TRUE
160898914.565778,5,15,19,125499165.830672,TRUE
150382664.370222,5,16,20,118941610.351442,TRUE
106568387.882219,5,17,21,110830949.683655,TRUE
145007819.745595,5,18,22,101733758.628436,TRUE
68190349.2827525,5,19,23,92140736.2524725,TRUE
50281159.8370792,5,20,24,82455170.6071999,TRUE
43876453.9737729,5,21,25,72991680.6148703,TRUE
33409252.0001844,5,22,26,63981813.0293332,TRUE
69906751.1519618,5,23,27,55583691.6564103,TRUE
61551556.6394125,5,24,28,47893581.8665945,TRUE
21795198.7000206,5,25,29,40957849.6852638,TRUE
47975351.4953805,5,26,30,34784315.1732311,TRUE
22716057.2783377,5,27,31,29352410.1277475,TRUE
43858174.2639579,5,28,32,24621854.7028817,TRUE
7689012.71199619,5,29,33,20539780.2049693,TRUE
14781854.3341387,5,30,34,17046363.4605367,TRUE
26564972.3295401,5,31,35,14079119.2162374,TRUE
18543869.6640711,5,32,36,11576036.6165926,TRUE
8039184.76961117,5,33,37,9477756.89066739,TRUE
2114220.12113427,5,34,38,7728982.1631729,TRUE
8089615.35661432,5,35,39,6279287.42567754,TRUE
6942300.20534297,5,36,40,5083484.61184187,TRUE
451068.456418001,5,37,41,4101663.11171002,FALSE
1880304.00970252,5,38,42,3299007.28059483,FALSE
615332.966420408,5,39,43,2645469.90374372,FALSE
3227066.17589004,5,40,44,2115361.82778471,FALSE
1547.27332621784,6,1,6,118136.041286565,TRUE
1316229.61033121,6,2,7,1706400.22966561,TRUE
2544710.28205482,6,3,8,7085625.5251254,TRUE
45494414.265605,6,4,9,17660970.3262114,TRUE
12972999.2471567,6,5,10,33280751.4132212,TRUE
34426906.5661778,6,6,11,52546891.3918388,TRUE
56909198.8116298,6,7,12,73431932.3198757,TRUE
112694681.580408,6,8,13,93846604.9988098,TRUE
126904923.406159,6,9,14,112024926.973619,TRUE
130782737.083381,6,10,15,126716246.851727,TRUE
119566098.424173,6,11,16,137225801.583371,TRUE
145880919.730065,6,12,17,143357817.149498,TRUE
146491062.308207,6,13,18,145308943.794855,TRUE
229030370.588033,6,14,19,143547118.804087,TRUE
146029439.079077,6,15,20,138698028.318812,TRUE
135604415.616135,6,16,21,131450808.7095,TRUE
133186442.325098,6,17,22,122487142.413081,TRUE
91246804.1289084,6,18,23,112433191.422675,TRUE
76841779.5377365,6,19,24,101831262.076311,TRUE
135863997.637877,6,20,25,91127056.6000434,TRUE
86915377.8677508,6,21,26,80668282.6770205,TRUE
94732060.9335622,6,22,27,70710839.0457727,TRUE
52153377.8448252,6,23,28,61429479.5379488,TRUE
69244087.7477615,6,24,29,52930593.8414355,TRUE
35521085.6342832,6,25,30,45265424.3390673,TRUE
29645585.017634,6,26,31,38442613.5346326,TRUE
23145135.8399696,6,27,32,32439430.0486157,TRUE
17266418.2031607,6,28,33,27211357.7667089,TRUE
8884618.77506837,6,29,34,22699967.7461979,TRUE
8804538.62421786,6,30,35,18839145.1555325,TRUE
32230788.2616774,6,31,36,15559833.1099057,TRUE
2923110.37861492,6,32,37,12793499.015237,TRUE
5977139.07443468,6,33,38,10474541.2841567,TRUE
12082847.5503148,6,34,39,8541846.31306409,TRUE
2694714.2183639,6,35,40,6939685.84909691,TRUE
4597299.43481243,6,36,41,5618119.35549271,FALSE
1824533.40066247,6,37,42,4533038.78680558,FALSE
1646894.63026663,6,38,43,3645966.90503323,FALSE
5381817.5321051,6,39,44,2923696.40226194,FALSE
1630405.99818842,6,40,45,2337836.37327501,FALSE
20350.3466342098,7,1,7,130560.517206495,TRUE
1342900.17085711,7,2,8,1885863.90842404,TRUE
6656402.21108657,7,3,9,7830827.26674308,TRUE
21850037.4632857,7,4,10,19518390.7895258,TRUE
17846835.5967561,7,5,11,36780918.5935972,TRUE
81718071.3997087,7,6,12,58073296.2015399,TRUE
107603007.263357,7,7,13,81154836.0580257,TRUE
109302015.427618,7,8,14,103716538.604817,TRUE
203761091.766006,7,9,15,123806691.390791,TRUE
138986748.39214,7,10,16,140043110.868224,TRUE
150132362.169065,7,11,17,151657965.119561,TRUE
181426473.11399,7,12,18,158434890.392431,TRUE
181554950.252648,7,13,19,160591218.818363,TRUE
187846087.787303,7,14,20,158644101.075827,TRUE
105568194.773033,7,15,21,153285027.292384,TRUE
165901235.540995,7,16,22,145275610.943264,TRUE
93907801.0789852,7,17,23,135369227.633128,TRUE
118358588.431158,7,18,24,124257893.386773,TRUE
151865741.894723,7,19,25,112540949.397679,TRUE
74560815.5195617,7,20,26,100710972.804201,TRUE
76167451.9076784,7,21,27,89152240.0257484,TRUE
80011824.7336429,7,22,28,78147562.9061158,TRUE
41033782.4454916,7,23,29,67890074.2978642,TRUE
50777606.0882324,7,24,30,58497352.9900284,TRUE
87375878.0675281,7,25,31,50026030.5738908,TRUE
71192364.4408655,7,26,32,42485658.4932973,TRUE
22506589.917724,7,27,33,35851114.6886794,TRUE
18800848.2442665,7,28,34,30073201.2451187,TRUE
42318036.305263,7,29,35,25087344.1943531,TRUE
5659600.8681832,7,30,36,20820475.3473002,TRUE
10323858.6214431,7,31,37,17196275.0431783,TRUE
5411406.56872102,7,32,38,14139003.0520694,TRUE
24406688.1197258,7,33,39,11576158.4074327,TRUE
5023572.11213186,7,34,40,9440200.13187012,TRUE
14133369.1634587,7,35,41,7669538.98100301,FALSE
8056372.86022857,7,36,42,6208982.12596844,FALSE
2001455.27986342,7,37,43,5009782.63768645,FALSE
2856296.32936092,7,38,44,4029416.591709,FALSE
3773115.62003458,7,39,45,3231184.2370623,FALSE
580400.685010394,7,40,46,2583708.77096298,FALSE
5378.57258604682,8,1,8,144291.686665534,TRUE
586421.503124486,8,2,9,2084201.94703872,TRUE
3348335.90269304,8,3,10,8654402.55967826,TRUE
9567974.86730344,8,4,11,21571157.8682194,TRUE
35545856.4337342,8,5,12,40649201.5697513,TRUE
49488128.8813136,8,6,13,64180918.0787347,TRUE
68810422.5530012,8,7,14,89689964.672527,TRUE
96754835.6357548,8,8,15,114624502.189514,TRUE
92253020.9485385,8,9,16,136827554.788269,TRUE
116633202.256832,8,10,17,154771573.408405,TRUE
186656509.598263,8,11,18,167607972.544669,TRUE
259848241.828411,8,12,19,175097633.270217,TRUE
182061617.013382,8,13,20,177480744.736377,TRUE
264285839.789613,8,14,21,175328846.833258,TRUE
155814693.58655,8,15,22,169406154.339974,TRUE
191040898.165046,8,16,23,160554380.320168,TRUE
151539944.590127,8,17,24,149606133.582495,TRUE
165612020.662986,8,18,25,137326210.112406,TRUE
127548049.239268,8,19,26,124376984.366938,TRUE
131769599.622105,8,20,27,111302838.27431,TRUE
66457201.9404924,8,21,28,98528462.957757,TRUE
98928046.3056795,8,22,29,86366413.8423266,TRUE
68701335.7244806,8,23,30,75030135.7399944,TRUE
68949047.0801342,8,24,31,64649573.3089848,TRUE
83422709.8907437,8,25,32,55287314.1370274,TRUE
75696580.6983664,8,26,33,46953914.2020857,TRUE
42769203.7056997,8,27,34,39621609.3345231,TRUE
68353414.1304083,8,28,35,33236027.4295416,TRUE
24986128.6202202,8,29,36,27725803.215353,TRUE
8245658.62711484,8,30,37,23010183.8543472,TRUE
36683764.2619127,8,31,38,19004823.0769506,TRUE
25296370.9789623,8,32,39,15626014.9837299,TRUE
27894844.0892092,8,33,40,12793633.6149315,TRUE
10891315.6638689,8,34,41,10433034.6465567,FALSE
15622240.8413173,8,35,42,8476151.43685206,FALSE
3616606.81052886,8,36,43,6861986.47647182,FALSE
1828700.82156657,8,37,44,5536666.07705137,FALSE
22629323.8720913,8,38,45,4453194.03396828,FALSE
839908.549659736,8,39,46,3571010.8497457,FALSE
2276003.66516373,8,40,47,2855439.79444526,FALSE
427486.777477262,9,1,9,159466.975822832,TRUE
2305349.64752933,9,2,10,2303399.37926384,TRUE
5611033.57933031,9,3,11,9564594.02227589,TRUE
16860903.0001295,9,4,12,23839816.3451748,TRUE
42511548.6892885,9,5,13,44924315.4178842,TRUE
71982097.3145516,9,6,14,70930884.1560133,TRUE
64700538.3262063,9,7,15,99122740.5993092,TRUE
174115261.436617,9,8,16,126679666.31875,TRUE
154273713.685612,9,9,17,151217834.343397,TRUE
160008582.405368,9,10,18,171049041.875779,TRUE
205576064.173994,9,11,19,185235456.89399,TRUE
211402173.646651,9,12,20,193512812.114119,TRUE
174170676.798539,9,13,21,196146557.601052,TRUE
240075806.869884,9,14,22,193768342.619856,TRUE
237341904.088374,9,15,23,187222755.119574,TRUE
233560413.483121,9,16,24,177440031.899507,TRUE
158173497.830108,9,17,25,165340348.001114,TRUE
249907973.538683,9,18,26,151768933.705777,TRUE
116875193.720284,9,19,27,137457826.000289,TRUE
169430303.275444,9,20,28,123008659.960045,TRUE
121951954.603216,9,21,29,108890791.863607,TRUE
97106379.6206023,9,22,30,95449648.8770255,TRUE
110264570.072434,9,23,31,82921123.9991101,TRUE
53576893.3681443,9,24,32,71448828.2870897,TRUE
132073148.882299,9,25,33,61101931.7227554,TRUE
42256738.8897629,9,26,34,51892100.4659643,TRUE
64064286.6267852,9,27,35,43788650.3638696,TRUE
19567563.9939088,9,28,36,36731490.9474939,TRUE
19495275.6457766,9,29,37,30641751.3938964,TRUE
8299359.63773228,9,30,38,25430186.0153984,TRUE
10644303.566262,9,31,39,21003577.7678188,TRUE
21480172.7690171,9,32,40,17269417.3254326,TRUE
21578435.9558402,9,33,41,14139151.8077373,FALSE
27981544.4917034,9,34,42,11530286.4786502,FALSE
3641425.67207193,9,35,43,9367596.06521404,FALSE
7657512.80135349,9,36,44,7583667.89402505,FALSE
5281854.14836503,9,37,45,6118962.33145316,FALSE
1331395.46035974,9,38,46,4921540.53888973,FALSE
422306.615043378,9,39,47,3946577.33927156,FALSE
2531679.16943765,9,40,48,3155749.01913681,FALSE
222921.959664428,10,1,10,176238.264072866,TRUE
1440017.48978195,10,2,11,2545650.00667589,TRUE
4003170.84568646,10,3,12,10570511.1566195,TRUE
26873052.0902066,10,4,13,26347071.7169517,TRUE
61668200.8666417,10,5,14,49649046.914303,TRUE
67221424.7410439,10,6,15,78390750.3626185,TRUE
74793089.0171952,10,7,16,109547570.230313,TRUE
89993293.563766,10,8,17,140002683.127009,TRUE
143899209.588172,10,9,18,167121552.810704,TRUE
218292145.778137,10,10,19,189038426.645815,TRUE
168232088.411844,10,11,20,204716839.955693,TRUE
223741139.297831,10,12,21,213864732.223561,TRUE
243683520.974769,10,13,22,216775471.141333,TRUE
168564335.605593,10,14,23,214147137.107184,TRUE
262162449.509736,10,15,24,206913144.160152,TRUE
196759642.206929,10,16,25,196101562.95775,TRUE
192859688.653339,10,17,26,182729344.195338,TRUE
133982403.314697,10,18,27,167730611.798975,TRUE
152946852.434214,10,19,28,151914391.757422,TRUE
74325244.1202264,10,20,29,135945593.659298,TRUE
168475601.945252,10,21,30,120342936.413887,TRUE
73097955.7260324,10,22,31,105488176.07942,TRUE
79612474.3623421,10,23,32,91642014.737961,TRUE
56523230.123049,10,24,33,78963167.1534723,TRUE
54569925.0677202,10,25,34,67528077.978233,TRUE
64646812.1274476,10,26,35,57349640.3128434,TRUE
15269752.8186233,10,27,36,48393942.9239312,TRUE
22965301.004692,10,28,37,40594575.5727291,TRUE
43104803.7427976,10,29,38,33864372.5194383,TRUE
33608107.9537648,10,30,39,28104702.0254724,TRUE
10646773.1290003,10,31,40,23212543.3245336,TRUE
7287765.96377487,10,32,41,19085657.8001798,FALSE
7958353.18040212,10,33,42,15626179.384168,FALSE
7354804.33355022,10,34,43,12742937.293285,FALSE
8810735.2213263,10,35,44,10352794.7435544,FALSE
14780327.6449178,10,36,45,8381249.20882048,FALSE
31142829.8043867,10,37,46,6762499.21752239,FALSE
28737431.7210539,10,38,47,5439143.47571128,FALSE
6166019.41995312,10,39,48,4361642.50129929,FALSE
11636598.4842648,10,40,49,3487642.04069575,FALSE
177770.0643504,11,1,11,194773.404105468,TRUE
308446.492041451,11,2,12,2813378.35497727,TRUE
7709942.09999168,11,3,13,11682221.51949,TRUE
29433753.7937293,11,4,14,29118017.4380285,TRUE
56632237.2093954,11,5,15,54870682.7598612,TRUE
132065086.02288,11,6,16,86635177.5468941,TRUE
177917386.497156,11,7,17,121068788.764391,TRUE
121418062.125396,11,8,18,154726893.844531,TRUE
197343388.860319,11,9,19,184697879.950034,TRUE
240039737.415204,11,10,20,208919771.527731,TRUE
274062225.600734,11,11,21,226247097.959379,TRUE
140512996.497671,11,12,22,236357082.455516,TRUE
242697262.683049,11,13,23,239573946.457547,TRUE
238477785.038597,11,14,24,236669188.120017,TRUE
202605198.237431,11,15,25,228674389.493395,TRUE
184563868.245368,11,16,26,216725744.370086,TRUE
199658912.488853,11,17,27,201947157.083722,TRUE
173136887.708388,11,18,28,185370994.231263,TRUE
161884833.808367,11,19,29,167891367.807454,TRUE
111631091.11786,11,20,30,150243116.552786,TRUE
185833767.095721,11,21,31,132999513.520454,TRUE
136409518.378974,11,22,32,116582464.403819,TRUE
72491896.9933468,11,23,33,101280089.562255,TRUE
98126015.605986,11,24,34,87267795.937164,TRUE
77009065.8744235,11,25,35,74630067.9350875,TRUE
38733174.4157443,11,26,36,63381154.6358534,TRUE
62785658.3666842,11,27,37,53483578.3305416,TRUE
77919373.1415507,11,28,38,44863944.3546042,TRUE
38176832.2444997,11,29,39,37425919.6673634,TRUE
23327045.2374721,11,30,40,31060499.3397337,TRUE
11079390.1262221,11,31,41,25653827.8168456,FALSE
20967866.5834151,11,32,42,21092913.9531024,FALSE
42035452.5546695,11,33,43,17269599.0160157,FALSE
9039722.76499704,11,34,44,14083123.7074003,FALSE
21184130.9961473,11,35,45,11441607.6713827,FALSE
3137915.42577914,11,36,46,9262712.8827329,FALSE
957313.260586116,11,37,47,7473717.46871507,FALSE
688188.345568396,11,38,48,6011183.188597,FALSE
6173716.67592516,11,39,49,4820360.4474787,FALSE
2169458.36382289,11,40,50,3854440.55603495,FALSE
1098166.21074944,12,1,12,215257.901831959,TRUE
3761019.59147267,12,2,13,3109263.93946439,TRUE
8904329.11544662,12,3,14,12910851.4818579,TRUE
37751377.3149173,12,4,15,32180386.0645286,TRUE
93882605.5588869,12,5,16,60641482.8411535,TRUE
74566327.446085,12,6,17,95746678.7071478,TRUE
186591594.744242,12,7,18,133801704.429049,TRUE
158569033.873943,12,8,19,170999663.321154,TRUE
173400861.19365,12,9,20,204122725.551004,TRUE
220122664.769632,12,10,21,230892055.703458,TRUE
298878224.793851,12,11,22,250041712.963718,TRUE
237497905.156714,12,12,23,261214973.811044,TRUE
280229274.624172,12,13,24,264770158.353494,TRUE
217787511.828121,12,14,25,261559903.914817,TRUE
167380545.171828,12,15,26,252724284.976803,TRUE
188304312.465797,12,16,27,239518989.876115,TRUE
154641735.238343,12,17,28,223186124.996985,TRUE
180883674.755958,12,18,29,204866631.879161,TRUE
154104576.048093,12,19,30,185548657.09674,TRUE
204780498.945373,12,20,31,166044323.055189,TRUE
113140621.053511,12,21,32,146987194.461015,TRUE
132024932.258604,12,22,33,128843549.216689,TRUE
58289339.989037,12,23,34,111931809.564301,TRUE
101160276.071913,12,24,35,96445830.1543135,TRUE
82384296.5124364,12,25,36,82478980.6958687,TRUE
75933690.7224596,12,26,37,70047008.8576008,TRUE
33548496.7786003,12,27,38,59108495.3655356,TRUE
47250715.7759871,12,28,39,49582326.5708727,TRUE
26367039.1353861,12,29,40,41362037.9986054,TRUE
19599790.1549959,12,30,41,34327160.5711815,FALSE
19839099.1869731,12,31,42,28351864.4404978,FALSE
24205012.1524213,12,32,43,23311275.0784408,FALSE
25011212.9521973,12,33,44,19085858.5993283,FALSE
12016472.3377211,12,34,45,15564258.7570804,FALSE
8300211.47806634,12,35,46,12644932.0544434,FALSE
19681190.2848359,12,36,47,10236880.9004811,FALSE
13738717.8645815,12,37,48,8259735.19633784,FALSE
9991997.08297759,12,38,49,6643384.84326264,FALSE
1231060.85968061,12,39,50,5327322.18119557,FALSE
3167725.42291137,12,40,51,4259815.60798115,FALSE
222607.05528304,13,1,13,237896.772990664,TRUE
2257266.38725032,13,2,14,3436268.08251737,TRUE
7219504.3513683,13,3,15,14268697.5853432,TRUE
23873079.5393734,13,4,16,35564826.8109639,TRUE
62106184.5346459,13,5,17,67019203.2650263,TRUE
143900347.297347,13,6,18,105816444.809473,TRUE
128629726.170306,13,7,19,147873752.523938,TRUE
216090956.967941,13,8,20,188983854.903266,TRUE
201822816.108003,13,9,21,225590499.997307,TRUE
212565863.692191,13,10,22,255175185.178164,TRUE
206624628.945334,13,11,23,276338829.47332,TRUE
323765417.967423,13,12,24,288687192.421858,TRUE
298409980.843693,13,13,25,292616278.986566,TRUE
353707960.028566,13,14,26,289068399.141317,TRUE
198571380.863078,13,15,27,279303530.047825,TRUE
280414974.657471,13,16,28,264709421.937938,TRUE
277966205.230899,13,17,29,246658814.664664,TRUE
248010254.585804,13,18,30,226412643.636958,TRUE
230857595.741486,13,19,31,205062979.711307,TRUE
149913389.958704,13,20,32,183507356.952153,TRUE
124683943.095992,13,21,33,162445972.647844,TRUE
77164198.1537105,13,22,34,142394143.575934,TRUE
116951804.754333,13,23,35,123703780.738047,TRUE
89285532.3747533,13,24,36,106589126.656211,TRUE
135447285.848459,13,25,37,91153370.817597,TRUE
57758642.8476025,13,26,38,77413917.0876077,TRUE
77152200.9464105,13,27,39,65324990.0891992,TRUE
43522355.5690655,13,28,40,54796945.3766581,TRUE
53549053.9404689,13,29,41,45712121.5083986,FALSE
17873894.7034252,13,30,42,37937379.5633829,FALSE
20964826.3671327,13,31,43,31333656.0528613,FALSE
71776777.2962899,13,32,44,25762943.2799544,FALSE
12544527.418407,13,33,45,21093135.8704817,FALSE
7879506.75747841,13,34,46,17201166.1397295,FALSE
9465935.5623735,13,35,47,13974811.1676135,FALSE
3968851.30461391,13,36,48,11313503.0630157,FALSE
6344928.96589248,13,37,49,9128419.12999842,FALSE
2664229.05278405,13,38,50,7342075.72635842,FALSE
5916167.0380246,13,39,51,5887601.54587668,FALSE
5056552.75222137,13,40,52,4707824.32630551,FALSE
206670.617348493,14,1,14,262916.595013326,TRUE
1870011.30279168,14,2,15,3797663.55150976,TRUE
19976861.0100015,14,3,16,15769349.6101376,TRUE
52329011.4457592,14,4,17,39305212.2978743,TRUE
41385787.3598241,14,5,18,74067674.4011074,TRUE
105958570.014542,14,6,19,116945257.457586,TRUE
204751031.657539,14,7,20,163425770.836172,TRUE
187655936.107723,14,8,21,208859460.424917,TRUE
297375489.796476,14,9,22,249316059.991168,TRUE
265168631.545718,14,10,23,282012193.673475,TRUE
374026115.282477,14,11,24,305401637.868978,TRUE
292127701.452725,14,12,25,319048689.485545,TRUE
244245788.078969,14,13,26,323391001.691462,TRUE
316757834.797667,14,14,27,319469988.065668,TRUE
329793588.026445,14,15,28,308678138.724723,TRUE
334077612.194989,14,16,29,292549154.866426,TRUE
241330217.103622,14,17,30,272600148.654398,TRUE
243436541.398791,14,18,31,250224669.232192,TRUE
212921686.047644,14,19,32,226629641.550874,TRUE
137282387.386665,14,20,33,202806994.156446,TRUE
190583535.407101,14,21,34,179530564.728909,TRUE
144105647.177111,14,22,35,157369866.384411,TRUE
141819343.449661,14,23,36,136713820.927696,TRUE
119459961.194887,14,24,37,117799202.963526,TRUE
91321562.5703113,14,25,38,100740054.512174,TRUE
42451109.7018292,14,26,39,85555609.8195433,TRUE
71185938.338175,14,27,40,72195279.2701627,TRUE
98536405.7407013,14,28,41,60559990.4296624,FALSE
38602971.7286963,14,29,42,50519707.2946223,FALSE
80299050.5177265,14,30,43,41927288.6014482,FALSE
16056409.3668947,14,31,44,34629045.4266072,FALSE
47673855.4491493,14,32,45,28472455.677038,FALSE
14612136.8087897,14,33,46,23311520.3350747,FALSE
9339510.5785531,14,34,47,19010228.5746166,FALSE
9174161.54784152,14,35,48,15444554.8880452,FALSE
25680385.317222,14,36,49,12503354.5668048,FALSE
2889298.47900759,14,37,50,10088463.3504797,FALSE
2508786.93279045,14,38,51,8114248.57108047,FALSE
1347044.41805945,14,39,52,6506806.00572013,FALSE
8942430.40558649,14,40,53,5202950.53284193,FALSE
6580.75178071116,15,1,15,290567.7746882,TRUE
1874482.69904546,15,2,16,4197067.31376447,TRUE
12662288.3322948,15,3,17,17427826.5860915,TRUE
59911498.6088905,15,4,18,43438977.5604,TRUE
73131206.8333276,15,5,19,81857439.7175999,TRUE
167220672.351356,15,6,20,129244497.548993,TRUE
156294358.454488,15,7,21,180613409.192233,TRUE
208100473.311567,15,8,22,230825401.62659,TRUE
274077272.315455,15,9,23,275536858.911442,TRUE
235711971.670617,15,10,24,311671674.990642,TRUE
353001291.940586,15,11,25,337521008.505465,TRUE
327258979.573195,15,12,26,352603333.069573,TRUE
320221509.520582,15,13,27,357402330.236757,TRUE
366550659.963247,15,14,28,353068940.008151,TRUE
382142845.823765,15,15,29,341142101.964285,TRUE
324654061.07511,15,16,30,323316818.065982,TRUE
376584857.741157,15,17,31,301269756.555938,TRUE
253383356.155724,15,18,32,276541027.420516,TRUE
260395520.985745,15,19,33,250464489.015934,TRUE
193662451.453958,15,20,34,224136391.924042,TRUE
159833668.857775,15,21,35,198411959.044088,TRUE
151255773.375805,15,22,36,173920599.709501,TRUE
135158300.012673,15,23,37,151092138.988291,TRUE
103218245.829172,15,24,38,130188253.28778,TRUE
78245048.8615918,15,25,39,111334978.53221,TRUE
116052391.574136,15,26,40,94553571.8507864,TRUE
51266817.297512,15,27,41,79788123.0717334,FALSE
77834357.0908857,15,28,42,66929140.2218023,FALSE
84074653.5200751,15,29,43,55832911.2917108,FALSE
32866410.1466387,15,30,44,46336820.0360853,FALSE
36482551.9505236,15,31,45,38271013.9262068,FALSE
23261373.2545603,15,32,46,31466929.9804603,FALSE
19499745.8279537,15,33,47,25763214.3304537,FALSE
27987937.6925107,15,34,48,21009551.766637,FALSE
4733417.84439385,15,35,49,17068872.9048906,FALSE
6805327.23555663,15,36,50,13818343.8456209,FALSE
8690627.83388545,15,37,51,11149476.3030222,FALSE
10417173.1887369,15,38,52,8967631.54279501,FALSE
5153900.97293985,15,39,53,7191132.76708185,FALSE
4542807.74370969,15,40,54,5750149.61708309,FALSE
29307.8858487229,16,1,16,354900.28143663,TRUE
1704895.92124037,16,2,17,5126309.59321581,TRUE
27813376.0973589,16,3,18,21286395.4609893,TRUE
55320016.9065935,16,4,19,53056487.0039303,TRUE
66127131.0352992,16,5,20,99980902.6470066,TRUE
117187245.972333,16,6,21,157859585.783366,TRUE
232516043.133156,16,7,22,220601716.148104,TRUE
262983964.200144,16,8,23,281930782.200146,TRUE
403765305.327666,16,9,24,336541479.449225,TRUE
504600399.029276,16,10,25,380676643.473969,TRUE
350307971.711267,16,11,26,412249090.725578,TRUE
458198503.31245,16,12,27,430670683.547645,TRUE
468925429.795361,16,13,28,436532191.924046,TRUE
370774978.137443,16,14,29,431239377.146641,TRUE
378043164.788755,16,15,30,416671904.263735,TRUE
270574219.489461,16,16,31,394900053.34536,TRUE
362981390.116946,16,17,32,367971711.607667,TRUE
345339132.645133,16,18,33,337767973.635865,TRUE
278097845.251334,16,19,34,305918017.705239,TRUE
313275044.409788,16,20,35,273760807.300093,TRUE
228196620.62063,16,21,36,242340914.028411,TRUE
203927464.5678,16,22,37,212427100.186055,TRUE
214666890.641267,16,23,38,184544355.296619,TRUE
159192479.806082,16,24,39,159012291.645749,TRUE
195523151.064372,16,25,40,135984849.858944,TRUE
116973114.650876,16,26,41,115487993.452447,FALSE
139571069.343771,16,27,42,97453433.5882385,FALSE
51540971.9370435,16,28,43,81747436.468198,FALSE
67779530.9775727,16,29,44,68194471.8478076,FALSE
84036693.1580672,16,30,45,56595919.7964457,FALSE
59631752.9267571,16,31,46,46744321.9670552,FALSE
59296483.0145738,16,32,47,38433795.0689671,FALSE
24423158.8681983,16,33,48,31467261.0422876,FALSE
12971617.7277914,16,34,49,25661124.4754792,FALSE
11805173.2613282,16,35,50,20847968.4447188,FALSE
28334478.7214915,16,36,51,16877763.286247,FALSE
22492576.8849916,16,37,52,13618001.1085527,FALSE
8901359.66341174,16,38,53,10953089.900534,FALSE
29633829.0781753,16,39,54,8783269.39600974,FALSE
4451215.79817171,16,40,55,7023248.60213893,FALSE
12523.6834015364,17,1,17,433476.182618521,TRUE
2835103.31332916,17,2,18,6261288.67633674,TRUE
19513616.9946849,17,3,19,25999262.1273406,TRUE
69629554.8455543,17,4,20,64803339.5648896,TRUE
132473468.32567,17,5,21,122116950.256397,TRUE
278112317.795439,17,6,22,192810133.477825,TRUE
276212887.658096,17,7,23,269443544.558162,TRUE
277479437.371365,17,8,24,344351034.989513,TRUE
457332682.425455,17,9,25,411052691.234587,TRUE
551347363.693252,17,10,26,464959502.306262,TRUE
442831454.518359,17,11,27,503522176.461242,TRUE
577624468.717508,17,12,28,526022360.743819,TRUE
480567878.587203,17,13,29,533181623.241735,TRUE
586486424.012364,17,14,30,526716964.674182,TRUE
403275726.657416,17,15,31,508924213.115576,TRUE
542631392.831449,17,16,32,482332014.353622,TRUE
523051543.65719,17,17,33,449441663.482522,TRUE
488588466.369928,17,18,34,412550734.617018,TRUE
353783295.522597,17,19,35,373649110.596071,TRUE
347291793.021678,17,20,36,334372205.112488,TRUE
227319412.898718,17,21,37,295995860.809359,TRUE
255382463.790942,17,22,38,259459046.075215,TRUE
204227713.095854,17,23,39,225402984.56218,TRUE
172854583.668729,17,24,40,194218051.597487,TRUE
176411250.183056,17,25,41,166092270.685711,FALSE
141220899.643379,17,26,42,141057353.737202,FALSE
114089621.355892,17,27,43,119029892.576853,FALSE
126767337.934945,17,28,44,99846544.3747806,FALSE
47372541.4729358,17,29,45,83292916.0061882,FALSE
75802287.2618589,17,30,46,69126412.5399908,FALSE
58949910.1826276,17,31,47,57093643.7788882,FALSE
50793853.149431,17,32,48,46943143.3037992,FALSE
48308608.714337,17,33,49,38434199.4287962,FALSE
25763246.143346,17,34,50,31342568.2118418,FALSE
12912442.4948985,17,35,51,25463766.1604158,FALSE
11592632.3115403,17,36,52,20614546.6293966,FALSE
18528145.7709558,17,37,53,16633064.1146145,FALSE
10982638.2799024,17,38,54,13378134.2148885,FALSE
7457736.17990453,17,39,55,10727909.4659501,FALSE
15876111.9625711,17,40,56,8578215.21389705,FALSE
102650.454162666,18,1,18,529449.005047003,TRUE
8087662.39293943,18,2,19,7647555.25891472,TRUE
30111824.0129169,18,3,20,31755570.4724629,TRUE
128612074.758412,18,4,21,79150977.6825464,TRUE
152476294.941076,18,5,22,149153979.861272,TRUE
314393211.185254,18,6,23,235498828.831045,TRUE
306380297.568151,18,7,24,329099088.491791,TRUE
475411041.011306,18,8,25,420591303.911499,TRUE
507217682.807434,18,9,26,502060890.823087,TRUE
435435298.883005,18,10,27,567902818.549647,TRUE
574264611.461338,18,11,28,615003375.124573,TRUE
577660915.311789,18,12,29,642485162.266426,TRUE
575946011.484112,18,13,30,651229505.227771,TRUE
594682757.601268,18,14,31,643333553.422799,TRUE
511352495.231798,18,15,32,621601437.593861,TRUE
617560194.073252,18,16,33,589121652.680464,TRUE
576406092.559868,18,17,34,548949287.409647,TRUE
558147720.904643,18,18,35,503890605.142228,TRUE
437548836.547966,18,19,36,456376054.266136,TRUE
365338994.909003,18,20,37,408403133.576493,TRUE
293875468.516396,18,21,38,361530160.796544,TRUE
247312619.47744,18,22,39,316903994.505874,TRUE
294803411.550621,18,23,40,275307827.041781,TRUE
215629118.755961,18,24,41,237218463.905665,FALSE
203256146.793221,18,25,42,202865557.524612,FALSE
253178587.962097,18,26,43,172287840.913393,FALSE
139592692.842084,18,27,44,145383439.096877,FALSE
127572957.365764,18,28,45,121952844.692118,FALSE
103756803.156773,18,29,46,101734197.345162,FALSE
89058384.6689607,18,30,47,84431190.9380624,FALSE
92806884.1183512,18,31,48,69734333.9849485,FALSE
34127192.7474092,18,32,49,57336484.7079686,FALSE
39189666.4954368,18,33,50,46943637.1900097,FALSE
29445192.2783947,18,34,51,38281899.2617669,FALSE
26859182.4401453,18,35,52,31101514.2214773,FALSE
24561769.4700964,18,36,53,25178664.1113664,FALSE
15227405.0939231,18,37,54,20315670.3862451,FALSE
7798637.85291658,18,38,55,16340090.0291017,FALSE
7673822.2639384,18,39,56,13103098.2110041,FALSE
9816215.87965292,18,40,57,10477455.7223454,FALSE
103329.780727447,19,1,19,646670.475069568,TRUE
2274054.94548539,19,2,20,9340745.08642076,TRUE
50057053.9160868,19,3,21,38786341.3620159,TRUE
79928031.2261356,19,4,22,96675222.4525362,TRUE
168667490.396565,19,5,23,182177082.393124,TRUE
266472038.381612,19,6,24,287638919.077729,TRUE
455704312.377362,19,7,25,401962534.391871,TRUE
579037003.4379,19,8,26,513711378.655689,TRUE
605588200.138786,19,9,27,613218556.81567,TRUE
618591688.54563,19,10,28,693638068.943476,TRUE
849645697.95738,19,11,29,751166818.654969,TRUE
823129042.479816,19,12,30,784733149.269196,TRUE
908427891.931762,19,13,31,795413513.880484,TRUE
726627929.601752,19,14,32,785769376.567589,TRUE
949300876.830595,19,15,33,759225710.353468,TRUE
735173261.498722,19,16,34,719554811.475796,TRUE
599712614.691082,19,17,35,670488173.732205,TRUE
595875517.378597,19,18,36,615453374.931717,TRUE
604425814.550955,19,19,37,557418971.438913,TRUE
576285856.040167,19,20,38,498824713.791584,TRUE
379534591.372096,19,21,39,441573935.554989,TRUE
364913996.79931,19,22,40,387067412.961449,TRUE
283129129.826037,19,23,41,336261739.291915,FALSE
379568919.541566,19,24,42,289739286.100898,FALSE
208493026.71074,19,25,43,247780551.496263,FALSE
262606171.505725,19,26,44,210432844.089079,FALSE
164496986.687944,19,27,45,177571733.503737,FALSE
212735477.810791,19,28,46,148953540.872433,FALSE
136850760.110897,19,29,47,124258429.236592,FALSE
147379100.508996,19,30,48,103124489.486497,FALSE
77049675.9110806,19,31,49,85173707.8676785,FALSE
54138574.6009388,19,32,50,70030940.5655212,FALSE
82779637.4695546,19,33,51,57337087.9419481,FALSE
31582729.1046238,19,34,52,46757617.3459318,FALSE
26834832.6346179,19,35,53,37987475.2530702,FALSE
26191577.3860977,19,36,54,30753289.7924114,FALSE
38182338.7471654,19,37,55,24813615.8436326,FALSE
19181811.2256897,19,38,56,19957831.0301304,FALSE
10079893.7817399,19,39,57,16004160.2953639,FALSE
2530217.42307485,19,40,58,12797193.3177737,FALSE
126944.63479219,20,1,20,789845.101870717,TRUE
6989842.80463705,20,2,21,11408811.8118254,TRUE
59519477.7634402,20,3,22,47373744.3185081,TRUE
141922555.578367,20,4,23,118079383.349276,TRUE
250527493.736815,20,5,24,222511590.908533,TRUE
432903127.59902,20,6,25,351322969.115747,TRUE
500457516.192933,20,7,26,490958148.183284,TRUE
592041778.327277,20,8,27,627448494.78832,TRUE
892029872.744837,20,9,28,748986836.649658,TRUE
797563483.376992,20,10,29,847211450.572455,TRUE
998212267.907946,20,11,30,917477224.143575,TRUE
947224165.355168,20,12,31,958475232.937112,TRUE
1110198355.67088,20,13,32,971520259.731495,TRUE
1130910139.61998,20,14,33,959740883.817453,TRUE
882722376.265206,20,15,34,927320376.691839,TRUE
1008270976.33579,20,16,35,878866231.383958,TRUE
787077250.305817,20,17,36,818936104.710287,TRUE
709944660.146325,20,18,37,751716449.660583,TRUE
782896002.28878,20,19,38,680833069.166293,TRUE
794283777.673041,20,20,39,609265881.263498,TRUE
436611152.537594,20,21,40,539339622.818506,TRUE
498843319.929901,20,22,41,472765205.785035,FALSE
319802829.213759,20,23,42,410711015.83488,FALSE
377076528.331285,20,24,43,353888363.190995,FALSE
251688689.476589,20,25,44,302639849.015983,FALSE
257258589.422563,20,26,45,257023256.177889,FALSE
262304458.804094,20,27,46,216886605.072747,FALSE
219266137.220126,20,28,47,181932265.659313,FALSE
143094358.134359,20,29,48,151769588.194223,FALSE
148667824.868584,20,30,49,125956535.892668,FALSE
67122964.1291284,20,31,50,104031401.712311,FALSE
42578377.6738464,20,32,51,85535983.9632784,FALSE
63745474.108313,20,33,52,70031677.3571679,FALSE
34464835.1284084,20,34,53,57109882.7913189,FALSE
39635196.749473,20,35,54,46398007.0496411,FALSE
25454496.2069728,20,36,55,37562152.9749503,FALSE
15637712.8557535,20,37,56,30307418.8313399,FALSE
11134216.9518091,20,38,57,24376549.8670958,FALSE
21026805.9678399,20,39,58,19547525.526795,FALSE
9457589.40356431,20,40,59,15630527.2150377,FALSE
496238.97545577,21,1,21,789845.101870717,TRUE
4922322.62947533,21,2,22,11408811.8118254,TRUE
41294319.8058936,21,3,23,47373744.3185081,TRUE
134459349.45966,21,4,24,118079383.349276,TRUE
216340839.188305,21,5,25,222511590.908533,TRUE
308586058.671146,21,6,26,351322969.115747,TRUE
472171451.540169,21,7,27,490958148.183284,TRUE
598666424.350715,21,8,28,627448494.78832,TRUE
819942431.72746,21,9,29,748986836.649658,TRUE
1000852520.47117,21,10,30,847211450.572455,TRUE
986203802.004255,21,11,31,917477224.143575,TRUE
1043670649.96598,21,12,32,958475232.937112,TRUE
1005843744.03257,21,13,33,971520259.731495,TRUE
879325189.712441,21,14,34,959740883.817453,TRUE
901162082.346682,21,15,35,927320376.691839,TRUE
957007347.068944,21,16,36,878866231.383958,TRUE
876087502.262789,21,17,37,818936104.710287,TRUE
778344641.270919,21,18,38,751716449.660583,TRUE
633933926.617582,21,19,39,680833069.166293,TRUE
554022634.21871,21,20,40,609265881.263498,TRUE
583167116.838274,21,21,41,539339622.818506,FALSE
438129818.617278,21,22,42,472765205.785035,FALSE
406570762.730701,21,23,43,410711015.83488,FALSE
317511452.67424,21,24,44,353888363.190995,FALSE
250805637.494488,21,25,45,302639849.015983,FALSE
338636735.060582,21,26,46,257023256.177889,FALSE
264021109.023059,21,27,47,216886605.072747,FALSE
133920253.939594,21,28,48,181932265.659313,FALSE
128481473.072926,21,29,49,151769588.194223,FALSE
118597499.271943,21,30,50,125956535.892668,FALSE
110698115.247733,21,31,51,104031401.712311,FALSE
90301964.9693129,21,32,52,85535983.9632784,FALSE
154853961.397172,21,33,53,70031677.3571679,FALSE
54433427.4367277,21,34,54,57109882.7913189,FALSE
53994610.2950645,21,35,55,46398007.0496411,FALSE
24250710.3603368,21,36,56,37562152.9749503,FALSE
38754985.7911405,21,37,57,30307418.8313399,FALSE
10690204.93959,21,38,58,24376549.8670958,FALSE
6719969.481328,21,39,59,19547525.526795,FALSE
22882505.0616464,21,40,60,15630527.2150377,FALSE
2444.28986581692,22,1,22,789845.101870717,TRUE
4627472.92633381,22,2,23,11408811.8118254,TRUE
74213269.6447819,22,3,24,47373744.3185081,TRUE
117294942.087019,22,4,25,118079383.349276,TRUE
220524405.669956,22,5,26,222511590.908533,TRUE
399218239.970315,22,6,27,351322969.115747,TRUE
521008100.930536,22,7,28,490958148.183284,TRUE
684265083.125571,22,8,29,627448494.78832,TRUE
781368060.009175,22,9,30,748986836.649658,TRUE
876364061.028241,22,10,31,847211450.572455,TRUE
1029817132.05144,22,11,32,917477224.143575,TRUE
941949821.883443,22,12,33,958475232.937112,TRUE
826196499.016432,22,13,34,971520259.731495,TRUE
1107494029.94786,22,14,35,959740883.817453,TRUE
959372381.561995,22,15,36,927320376.691839,TRUE
829302912.709502,22,16,37,878866231.383958,TRUE
821592107.492579,22,17,38,818936104.710287,TRUE
735710617.178783,22,18,39,751716449.660583,TRUE
578045869.372365,22,19,40,680833069.166293,TRUE
615462100.718752,22,20,41,609265881.263498,FALSE
580245480.330683,22,21,42,539339622.818506,FALSE
580470649.684597,22,22,43,472765205.785035,FALSE
327361062.239679,22,23,44,410711015.83488,FALSE
347367774.156732,22,24,45,353888363.190995,FALSE
355850848.407176,22,25,46,302639849.015983,FALSE
247290811.932748,22,26,47,257023256.177889,FALSE
208905670.60319,22,27,48,216886605.072747,FALSE
170184000.596776,22,28,49,181932265.659313,FALSE
161606522.84971,22,29,50,151769588.194223,FALSE
101344045.093783,22,30,51,125956535.892668,FALSE
149555388.192617,22,31,52,104031401.712311,FALSE
128786630.846366,22,32,53,85535983.9632784,FALSE
41916416.2568905,22,33,54,70031677.3571679,FALSE
45092396.1547015,22,34,55,57109882.7913189,FALSE
19236717.4124818,22,35,56,46398007.0496411,FALSE
23451547.8891334,22,36,57,37562152.9749503,FALSE
20862853.9602806,22,37,58,30307418.8313399,FALSE
14725434.3102096,22,38,59,24376549.8670958,FALSE
13317049.6271375,22,39,60,19547525.526795,FALSE
11734126.9441863,22,40,61,15630527.2150377,FALSE
67748.0887606588,23,1,23,789845.101870717,TRUE
5290855.78149181,23,2,24,11408811.8118254,TRUE
22226479.6761816,23,3,25,47373744.3185081,TRUE
72690733.8765277,23,4,26,118079383.349276,TRUE
257343909.917907,23,5,27,222511590.908533,TRUE
309941368.842545,23,6,28,351322969.115747,TRUE
535163345.392951,23,7,29,490958148.183284,TRUE
604918771.500026,23,8,30,627448494.78832,TRUE
672996199.63608,23,9,31,748986836.649658,TRUE
902282076.651705,23,10,32,847211450.572455,TRUE
1032253935.74685,23,11,33,917477224.143575,TRUE
1060209624.42945,23,12,34,958475232.937112,TRUE
974532179.667424,23,13,35,971520259.731495,TRUE
1067262423.78404,23,14,36,959740883.817453,TRUE
1072443370.47073,23,15,37,927320376.691839,TRUE
797167141.530487,23,16,38,878866231.383958,TRUE
951453874.227496,23,17,39,818936104.710287,TRUE
754790265.433817,23,18,40,751716449.660583,TRUE
662660990.44612,23,19,41,680833069.166293,FALSE
545729398.0884,23,20,42,609265881.263498,FALSE
633540473.321884,23,21,43,539339622.818506,FALSE
464364621.905612,23,22,44,472765205.785035,FALSE
474811348.569386,23,23,45,410711015.83488,FALSE
275720274.753758,23,24,46,353888363.190995,FALSE
227665932.863365,23,25,47,302639849.015983,FALSE
211233702.871035,23,26,48,257023256.177889,FALSE
177137523.075507,23,27,49,216886605.072747,FALSE
162227460.614483,23,28,50,181932265.659313,FALSE
175505070.076265,23,29,51,151769588.194223,FALSE
143908957.626456,23,30,52,125956535.892668,FALSE
72701049.5258493,23,31,53,104031401.712311,FALSE
70234894.8291834,23,32,54,85535983.9632784,FALSE
78237534.9791224,23,33,55,70031677.3571679,FALSE
39326884.6419367,23,34,56,57109882.7913189,FALSE
25455229.2750913,23,35,57,46398007.0496411,FALSE
50806150.5710354,23,36,58,37562152.9749503,FALSE
34772321.0683249,23,37,59,30307418.8313399,FALSE
19628777.3293074,23,38,60,24376549.8670958,FALSE
12431282.6648449,23,39,61,19547525.526795,FALSE
19081835.6286657,23,40,62,15630527.2150377,FALSE
3329137.30965037,24,1,24,789845.101870717,TRUE
4526683.76686335,24,2,25,11408811.8118254,TRUE
109798999.452734,24,3,26,47373744.3185081,TRUE
126125958.132608,24,4,27,118079383.349276,TRUE
270345409.701093,24,5,28,222511590.908533,TRUE
415461578.778005,24,6,29,351322969.115747,TRUE
543940807.206701,24,7,30,490958148.183284,TRUE
665313949.137752,24,8,31,627448494.78832,TRUE
715507144.002843,24,9,32,748986836.649658,TRUE
838039103.376095,24,10,33,847211450.572455,TRUE
951467032.536944,24,11,34,917477224.143575,TRUE
1017516973.16952,24,12,35,958475232.937112,TRUE
919049254.442273,24,13,36,971520259.731495,TRUE
1113791317.57964,24,14,37,959740883.817453,TRUE
897133842.471874,24,15,38,927320376.691839,TRUE
768808884.25215,24,16,39,878866231.383958,TRUE
859474454.2191,24,17,40,818936104.710287,TRUE
706016658.541999,24,18,41,751716449.660583,FALSE
699816654.731113,24,19,42,680833069.166293,FALSE
530597488.212717,24,20,43,609265881.263498,FALSE
648351651.600506,24,21,44,539339622.818506,FALSE
441530076.661147,24,22,45,472765205.785035,FALSE
361151341.088472,24,23,46,410711015.83488,FALSE
415374766.75089,24,24,47,353888363.190995,FALSE
293598125.64776,24,25,48,302639849.015983,FALSE
246221808.238981,24,26,49,257023256.177889,FALSE
153906212.911143,24,27,50,216886605.072747,FALSE
268829051.838835,24,28,51,181932265.659313,FALSE
128232881.13871,24,29,52,151769588.194223,FALSE
77579787.4762341,24,30,53,125956535.892668,FALSE
100418312.796338,24,31,54,104031401.712311,FALSE
86864176.8435814,24,32,55,85535983.9632784,FALSE
48148362.9784548,24,33,56,70031677.3571679,FALSE
36908836.3553451,24,34,57,57109882.7913189,FALSE
46543824.5702272,24,35,58,46398007.0496411,FALSE
39637313.0652953,24,36,59,37562152.9749503,FALSE
29183645.7843332,24,37,60,30307418.8313399,FALSE
23728738.6407611,24,38,61,24376549.8670958,FALSE
11395943.6536193,24,39,62,19547525.526795,FALSE
4736934.0277494,24,40,63,15630527.2150377,FALSE
13453.8640561905,25,1,25,789845.101870717,TRUE
14899085.2610382,25,2,26,11408811.8118254,TRUE
55010311.954342,25,3,27,47373744.3185081,TRUE
83561041.8770988,25,4,28,118079383.349276,TRUE
204646543.905151,25,5,29,222511590.908533,TRUE
251874752.601201,25,6,30,351322969.115747,TRUE
417611438.968829,25,7,31,490958148.183284,TRUE
566493576.254961,25,8,32,627448494.78832,TRUE
800322155.055436,25,9,33,748986836.649658,TRUE
935548630.982735,25,10,34,847211450.572455,TRUE
965918152.353502,25,11,35,917477224.143575,TRUE
1227496348.04732,25,12,36,958475232.937112,TRUE
968585062.300557,25,13,37,971520259.731495,TRUE
851145727.651572,25,14,38,959740883.817453,TRUE
1083891609.97054,25,15,39,927320376.691839,TRUE
848872970.259369,25,16,40,878866231.383958,TRUE
827094728.092175,25,17,41,818936104.710287,FALSE
749141919.841986,25,18,42,751716449.660583,FALSE
668224104.293061,25,19,43,680833069.166293,FALSE
574701038.362902,25,20,44,609265881.263498,FALSE
566486764.782889,25,21,45,539339622.818506,FALSE
666815448.057865,25,22,46,472765205.785035,FALSE
377903775.304897,25,23,47,410711015.83488,FALSE
359885564.043009,25,24,48,353888363.190995,FALSE
306256663.177435,25,25,49,302639849.015983,FALSE
262843806.241532,25,26,50,257023256.177889,FALSE
294651132.462088,25,27,51,216886605.072747,FALSE
170626249.868815,25,28,52,181932265.659313,FALSE
115421975.667125,25,29,53,151769588.194223,FALSE
114581583.406547,25,30,54,125956535.892668,FALSE
91571296.4067329,25,31,55,104031401.712311,FALSE
56751448.850025,25,32,56,85535983.9632784,FALSE
46040727.859947,25,33,57,70031677.3571679,FALSE
40741497.1027258,25,34,58,57109882.7913189,FALSE
20484612.1451649,25,35,59,46398007.0496411,FALSE
26728521.8588987,25,36,60,37562152.9749503,FALSE
42192706.2147143,25,37,61,30307418.8313399,FALSE
12256608.0144745,25,38,62,24376549.8670958,FALSE
47585943.1110482,25,39,63,19547525.526795,FALSE
17029070.0295906,25,40,64,15630527.2150377,FALSE
65037.3226175705,26,1,26,789845.101870717,TRUE
11841772.6626732,26,2,27,11408811.8118254,TRUE
66484945.8491054,26,3,28,47373744.3185081,TRUE
123660937.915133,26,4,29,118079383.349276,TRUE
212228093.227974,26,5,30,222511590.908533,TRUE
414348563.415759,26,6,31,351322969.115747,TRUE
462284600.626538,26,7,32,490958148.183284,TRUE
546836832.749333,26,8,33,627448494.78832,TRUE
705183303.45814,26,9,34,748986836.649658,TRUE
759824040.73928,26,10,35,847211450.572455,TRUE
1016299302.85112,26,11,36,917477224.143575,TRUE
906700349.312824,26,12,37,958475232.937112,TRUE
1019389381.0931,26,13,38,971520259.731495,TRUE
999155360.980886,26,14,39,959740883.817453,TRUE
923216347.709345,26,15,40,927320376.691839,TRUE
893101926.588807,26,16,41,878866231.383958,FALSE
789272350.831027,26,17,42,818936104.710287,FALSE
834960595.167421,26,18,43,751716449.660583,FALSE
632056633.468338,26,19,44,680833069.166293,FALSE
602314416.286473,26,20,45,609265881.263498,FALSE
540143704.090478,26,21,46,539339622.818506,FALSE
426663082.300211,26,22,47,472765205.785035,FALSE
450248546.188959,26,23,48,410711015.83488,FALSE
319203113.415246,26,24,49,353888363.190995,FALSE
347688525.699194,26,25,50,302639849.015983,FALSE
214226073.846962,26,26,51,257023256.177889,FALSE
213588358.283902,26,27,52,216886605.072747,FALSE
158753023.095136,26,28,53,181932265.659313,FALSE
155371037.055967,26,29,54,151769588.194223,FALSE
117096092.754184,26,30,55,125956535.892668,FALSE
87788950.2913487,26,31,56,104031401.712311,FALSE
90522187.4126172,26,32,57,85535983.9632784,FALSE
90275459.0776249,26,33,58,70031677.3571679,FALSE
40511358.7056835,26,34,59,57109882.7913189,FALSE
44891119.0891853,26,35,60,46398007.0496411,FALSE
20697268.3190088,26,36,61,37562152.9749503,FALSE
65176115.0402764,26,37,62,30307418.8313399,FALSE
25641502.1834167,26,38,63,24376549.8670958,FALSE
18711536.7909099,26,39,64,19547525.526795,FALSE
12141094.9101066,26,40,65,15630527.2150377,FALSE
150326.823671475,27,1,27,789845.101870717,TRUE
12195892.2447157,27,2,28,11408811.8118254,TRUE
54575787.4329132,27,3,29,47373744.3185081,TRUE
152818145.404004,27,4,30,118079383.349276,TRUE
265329282.455389,27,5,31,222511590.908533,TRUE
450053320.505588,27,6,32,351322969.115747,TRUE
530257219.58051,27,7,33,490958148.183284,TRUE
739652887.282953,27,8,34,627448494.78832,TRUE
692380568.17319,27,9,35,748986836.649658,TRUE
840165823.320222,27,10,36,847211450.572455,TRUE
841388444.080571,27,11,37,917477224.143575,TRUE
991925130.71346,27,12,38,958475232.937112,TRUE
915141703.630843,27,13,39,971520259.731495,TRUE
1148654468.68321,27,14,40,959740883.817453,TRUE
892159691.139678,27,15,41,927320376.691839,FALSE
976923384.002388,27,16,42,878866231.383958,FALSE
690179357.030271,27,17,43,818936104.710287,FALSE
701135661.187386,27,18,44,751716449.660583,FALSE
605966589.485843,27,19,45,680833069.166293,FALSE
665401861.248891,27,20,46,609265881.263498,FALSE
508406025.390084,27,21,47,539339622.818506,FALSE
472733256.562736,27,22,48,472765205.785035,FALSE
365654274.18331,27,23,49,410711015.83488,FALSE
340347245.202848,27,24,50,353888363.190995,FALSE
283568243.725921,27,25,51,302639849.015983,FALSE
184944257.317351,27,26,52,257023256.177889,FALSE
265313542.557788,27,27,53,216886605.072747,FALSE
186361568.130825,27,28,54,181932265.659313,FALSE
143724012.661742,27,29,55,151769588.194223,FALSE
121413792.464151,27,30,56,125956535.892668,FALSE
60967277.4849277,27,31,57,104031401.712311,FALSE
75281719.1771107,27,32,58,85535983.9632784,FALSE
88552125.1007526,27,33,59,70031677.3571679,FALSE
54288244.8051192,27,34,60,57109882.7913189,FALSE
20565052.7286773,27,35,61,46398007.0496411,FALSE
34357376.8118345,27,36,62,37562152.9749503,FALSE
21586230.7155752,27,37,63,30307418.8313399,FALSE
63017182.3518289,27,38,64,24376549.8670958,FALSE
25805773.2391392,27,39,65,19547525.526795,FALSE
13546337.4939605,27,40,66,15630527.2150377,FALSE
236797.750715991,28,1,28,789845.101870717,TRUE
9306286.85441532,28,2,29,11408811.8118254,TRUE
62316066.6881471,28,3,30,47373744.3185081,TRUE
102330586.674597,28,4,31,118079383.349276,TRUE
228690436.253354,28,5,32,222511590.908533,TRUE
340823506.920402,28,6,33,351322969.115747,TRUE
343764657.863589,28,7,34,490958148.183284,TRUE
628918377.831555,28,8,35,627448494.78832,TRUE
700083745.241268,28,9,36,748986836.649658,TRUE
828774870.292126,28,10,37,847211450.572455,TRUE
951974623.455808,28,11,38,917477224.143575,TRUE
964052877.289154,28,12,39,958475232.937112,TRUE
915637096.536619,28,13,40,971520259.731495,TRUE
1058251057.13307,28,14,41,959740883.817453,FALSE
902121330.968736,28,15,42,927320376.691839,FALSE
765509418.151313,28,16,43,878866231.383958,FALSE
674824283.203005,28,17,44,818936104.710287,FALSE
591861016.573163,28,18,45,751716449.660583,FALSE
679288824.006561,28,19,46,680833069.166293,FALSE
561918314.175604,28,20,47,609265881.263498,FALSE
507523157.582086,28,21,48,539339622.818506,FALSE
592750725.855196,28,22,49,472765205.785035,FALSE
419518975.850215,28,23,50,410711015.83488,FALSE
407174814.821246,28,24,51,353888363.190995,FALSE
261261399.414935,28,25,52,302639849.015983,FALSE
299610747.758701,28,26,53,257023256.177889,FALSE
156861722.929655,28,27,54,216886605.072747,FALSE
174878322.131028,28,28,55,181932265.659313,FALSE
168186284.646041,28,29,56,151769588.194223,FALSE
132723961.566759,28,30,57,125956535.892668,FALSE
93763289.7771419,28,31,58,104031401.712311,FALSE
65021785.3693345,28,32,59,85535983.9632784,FALSE
46714266.6084287,28,33,60,70031677.3571679,FALSE
22547732.6656229,28,34,61,57109882.7913189,FALSE
39715860.372142,28,35,62,46398007.0496411,FALSE
61415099.2978671,28,36,63,37562152.9749503,FALSE
16139487.9191119,28,37,64,30307418.8313399,FALSE
15810434.3564172,28,38,65,24376549.8670958,FALSE
12150087.0699382,28,39,66,19547525.526795,FALSE
5637937.40062455,28,40,67,15630527.2150377,FALSE
209718.194405112,29,1,29,789845.101870717,TRUE
5938672.98270826,29,2,30,11408811.8118254,TRUE
41202214.0451309,29,3,31,47373744.3185081,TRUE
99232803.0546298,29,4,32,118079383.349276,TRUE
256074912.736509,29,5,33,222511590.908533,TRUE
351040711.707739,29,6,34,351322969.115747,TRUE
485293070.820971,29,7,35,490958148.183284,TRUE
711903024.151206,29,8,36,627448494.78832,TRUE
729837416.6233,29,9,37,748986836.649658,TRUE
837663067.354015,29,10,38,847211450.572455,TRUE
894747102.740825,29,11,39,917477224.143575,TRUE
928977432.356528,29,12,40,958475232.937112,TRUE
931168813.75021,29,13,41,971520259.731495,FALSE
1154056284.47646,29,14,42,959740883.817453,FALSE
956936015.574747,29,15,43,927320376.691839,FALSE
947361111.400444,29,16,44,878866231.383958,FALSE
718081451.068321,29,17,45,818936104.710287,FALSE
603431319.965407,29,18,46,751716449.660583,FALSE
642407751.174575,29,19,47,680833069.166293,FALSE
577007191.165779,29,20,48,609265881.263498,FALSE
573817897.239817,29,21,49,539339622.818506,FALSE
451288354.715595,29,22,50,472765205.785035,FALSE
388921293.458891,29,23,51,410711015.83488,FALSE
344166573.159658,29,24,52,353888363.190995,FALSE
289735190.45084,29,25,53,302639849.015983,FALSE
233891562.669863,29,26,54,257023256.177889,FALSE
253513962.536455,29,27,55,216886605.072747,FALSE
180912680.501803,29,28,56,181932265.659313,FALSE
155131033.797786,29,29,57,151769588.194223,FALSE
147821534.510844,29,30,58,125956535.892668,FALSE
112060641.789184,29,31,59,104031401.712311,FALSE
109598347.019091,29,32,60,85535983.9632784,FALSE
75803649.2800444,29,33,61,70031677.3571679,FALSE
41084436.8230968,29,34,62,57109882.7913189,FALSE
40976874.6077752,29,35,63,46398007.0496411,FALSE
39845281.684711,29,36,64,37562152.9749503,FALSE
16964239.5265229,29,37,65,30307418.8313399,FALSE
8874500.77888611,29,38,66,24376549.8670958,FALSE
15294074.6588676,29,39,67,19547525.526795,FALSE
8960457.53105057,29,40,68,15630527.2150377,FALSE
163019.196481266,30,1,30,789845.101870717,TRUE
3996727.64270465,30,2,31,11408811.8118254,TRUE
52667899.5940733,30,3,32,47373744.3185081,TRUE
138089043.883719,30,4,33,118079383.349276,TRUE
205938006.751199,30,5,34,222511590.908533,TRUE
346409595.951794,30,6,35,351322969.115747,TRUE
472087516.109493,30,7,36,490958148.183284,TRUE
679141818.361232,30,8,37,627448494.78832,TRUE
771604319.973311,30,9,38,748986836.649658,TRUE
843612796.351442,30,10,39,847211450.572455,TRUE
964284312.534206,30,11,40,917477224.143575,TRUE
995851455.271597,30,12,41,958475232.937112,FALSE
936573228.1208,30,13,42,971520259.731495,FALSE
903940868.126633,30,14,43,959740883.817453,FALSE
897474803.65472,30,15,44,927320376.691839,FALSE
878328557.695799,30,16,45,878866231.383958,FALSE
823938159.502147,30,17,46,818936104.710287,FALSE
759501390.129474,30,18,47,751716449.660583,FALSE
779757586.959803,30,19,48,680833069.166293,FALSE
656777885.717223,30,20,49,609265881.263498,FALSE
520732313.031264,30,21,50,539339622.818506,FALSE
501471462.104663,30,22,51,472765205.785035,FALSE
345743318.347737,30,23,52,410711015.83488,FALSE
370027477.282032,30,24,53,353888363.190995,FALSE
232030095.239,30,25,54,302639849.015983,FALSE
299335835.107336,30,26,55,257023256.177889,FALSE
215859631.869756,30,27,56,216886605.072747,FALSE
164555866.042898,30,28,57,181932265.659313,FALSE
210410947.754165,30,29,58,151769588.194223,FALSE
158697873.350437,30,30,59,125956535.892668,FALSE
107293210.628528,30,31,60,104031401.712311,FALSE
101740045.028499,30,32,61,85535983.9632784,FALSE
56621925.9568071,30,33,62,70031677.3571679,FALSE
37983518.15357,30,34,63,57109882.7913189,FALSE
59443330.5174526,30,35,64,46398007.0496411,FALSE
17725400.7407225,30,36,65,37562152.9749503,FALSE
16862919.5649679,30,37,66,30307418.8313399,FALSE
17626065.9535281,30,38,67,24376549.8670958,FALSE
20253320.530947,30,39,68,19547525.526795,FALSE
30641397.8253311,30,40,69,15630527.2150377,FALSE
103600.248844059,31,1,31,751323.901697189,TRUE
2079074.22395972,31,2,32,10852397.4939996,TRUE
32854071.2937123,31,3,33,45063299.5445384,TRUE
125735115.157262,31,4,34,112320583.868731,TRUE
236052581.580723,31,5,35,211659572.564663,TRUE
383259836.205336,31,6,36,334188745.725855,TRUE
558825612.538148,31,7,37,467013836.750321,TRUE
667684462.615233,31,8,38,596847470.601334,TRUE
670087565.956837,31,9,39,712458317.584864,TRUE
811818192.93182,31,10,40,805892460.558451,TRUE
781295117.53125,31,11,41,872731331.914608,FALSE
880143962.37941,31,12,42,911729844.224956,FALSE
896250844.210174,31,13,43,924138657.555173,FALSE
954576548.583155,31,14,44,912933768.583478,FALSE
724307042.124834,31,15,45,882094428.248363,FALSE
845508397.180171,31,16,46,836003419.492473,FALSE
809127516.835358,31,17,47,778996119.586425,FALSE
793274330.352858,31,18,48,715054805.798356,FALSE
569363528.233414,31,19,49,647628448.564107,FALSE
594958998.700208,31,20,50,579551633.602197,FALSE
483802612.157667,31,21,51,513035719.024077,FALSE
423958618.632688,31,22,52,449708174.62286,FALSE
329706173.704835,31,23,53,390680403.228717,FALSE
350628139.517249,31,24,54,336629024.055669,FALSE
331376130.501898,31,25,55,287879929.410457,FALSE
282879579.325196,31,26,56,244488084.057394,FALSE
148095009.617692,31,27,57,206308920.525263,FALSE
216829128.1217,31,28,58,173059324.361219,FALSE
119675055.658314,31,29,59,144367698.034701,FALSE
116400618.247978,31,30,60,119813563.149285,FALSE
86564171.0682912,31,31,61,98957730.3808041,FALSE
85129452.0353603,31,32,62,81364344.7994916,FALSE
46085404.5301429,31,33,63,66616192.1492782,FALSE
56323014.6459629,31,34,64,54324600.9408895,FALSE
33942513.8581602,31,35,65,44135149.5438102,FALSE
41021572.4452106,31,36,66,35730225.1573697,FALSE
16701404.7615271,31,37,67,28829308.5730374,FALSE
18300116.1599407,31,38,68,23187691.5013905,FALSE
42866760.140512,31,39,69,18594181.4572662,FALSE
27947181.0221549,31,40,70,14868217.4074031,FALSE
546053.888864633,32,1,32,714681.402625049,TRUE
7000248.75738359,32,2,33,10323119.8226702,TRUE
39354769.1053919,32,3,34,42865536.4918546,TRUE
109738272.950804,32,4,35,106842644.353037,TRUE
245061557.567862,32,5,36,201336813.400751,TRUE
293543609.322243,32,6,37,317890168.27142,TRUE
462348933.676542,32,7,38,444237303.165879,TRUE
542638048.666306,32,8,39,567738875.974813,TRUE
661519677.296094,32,9,40,677711315.416996,TRUE
679934618.030751,32,10,41,766588621.466479,FALSE
786565018.111885,32,11,42,830167722.600874,FALSE
859519153.17946,32,12,43,867264255.02223,FALSE
884649172.305538,32,13,44,879067883.385069,FALSE
971684355.739151,32,14,45,868409463.296932,FALSE
919662602.85497,32,15,46,839074175.337976,FALSE
907013736.882576,32,16,47,795231051.604456,FALSE
672747368.836375,32,17,48,741004030.522484,FALSE
740311528.019033,32,18,49,680181171.406042,FALSE
735338276.532894,32,19,50,616043236.417927,FALSE
513256076.533804,32,20,51,551286566.899866,FALSE
454873751.751925,32,21,52,488014671.755584,FALSE
456164190.644836,32,22,53,427775648.139771,FALSE
406824682.663655,32,23,54,371626695.126959,FALSE
404549547.538984,32,24,55,320211432.822711,FALSE
335018432.721556,32,25,56,273839859.578416,FALSE
185668606.722438,32,26,57,232564259.495197,FALSE
212392339.780059,32,27,58,196247115.740609,FALSE
198378528.814695,32,28,59,164619121.516605,FALSE
118022141.174932,32,29,60,137326802.318042,FALSE
68972436.421087,32,30,61,113970186.721875,FALSE
77028203.4214558,32,31,62,94131504.9200291,FALSE
109370354.397673,32,32,63,77396158.878498,FALSE
86479952.6280397,32,33,64,63367282.120587,FALSE
54873483.2809213,32,34,65,51675158.8892332,FALSE
29140281.2564637,32,35,66,41982652.9008116,FALSE
22550778.4869698,32,36,67,33987641.5137258,FALSE
48214170.4476108,32,37,68,27423286.602684,FALSE
15048145.7545581,32,38,69,22056814.4423678,FALSE
13567129.0359264,32,39,70,17687332.5266572,FALSE
22006858.0089648,32,40,71,14143085.8877955,FALSE
339259.589093038,33,1,33,679825.979320388,TRUE
7880622.33148032,33,2,34,9819655.32797049,TRUE
84060257.4742079,33,3,35,40774959.6080611,TRUE
72020177.110907,33,4,36,101631867.100074,TRUE
171857066.11871,33,5,37,191517501.142004,TRUE
262309743.515371,33,6,38,302386481.819258,TRUE
409142385.80411,33,7,39,422571594.232228,TRUE
508180011.716496,33,8,40,540049924.260204,TRUE
610514552.604837,33,9,41,644658944.541733,FALSE
826106882.89564,33,10,42,729201653.226354,FALSE
770264551.291331,33,11,43,789679965.008697,FALSE
883206589.074554,33,12,44,824967278.194839,FALSE
970870765.761836,33,13,45,836195236.80944,FALSE
762358876.907284,33,14,46,826056634.002914,FALSE
786612655.511071,33,15,47,798152044.920156,FALSE
828272772.062748,33,16,48,756447175.562804,FALSE
688570719.761641,33,17,49,704864837.506611,FALSE
789091790.999589,33,18,50,647008344.232788,FALSE
495166689.626609,33,19,51,585998453.245382,FALSE
374800247.79342,33,20,52,524400003.767135,FALSE
524333854.668564,33,21,53,464213915.361969,FALSE
460291293.442015,33,22,54,406912783.595414,FALSE
290383284.568126,33,23,55,353502247.33472,FALSE
261934018.888564,33,24,56,304594536.962497,FALSE
225527052.891362,33,25,57,260484532.032131,FALSE
236780846.057729,33,26,58,221221966.719051,FALSE
182226295.720324,33,27,59,186676030.965865,FALSE
184507981.919032,33,28,60,156590552.222053,FALSE
124535172.903304,33,29,61,130629295.137515,FALSE
99803149.9106564,33,30,62,108411795.125688,FALSE
77468543.2260375,33,31,63,89540657.2524656,FALSE
55710897.4580578,33,32,64,73621503.6685597,FALSE
44878432.8773417,33,33,65,60276823.3037404,FALSE
51337851.9884044,33,34,66,49154931.6511884,FALSE
13153905.5967288,33,35,67,39935134.7578521,FALSE
45446879.7329335,33,36,68,32330044.6772379,FALSE
30829165.8845647,33,37,69,26085837.1329892,FALSE
5161591.17137277,33,38,70,20981090.9083325,FALSE
15562785.3481709,33,39,71,16824711.1402849,FALSE
26151384.2641357,33,40,72,13453319.4497119,FALSE
201704.613204557,34,1,34,646670.475069568,TRUE
9713922.85621581,34,2,35,9340745.08642076,TRUE
84122986.2727489,34,3,36,38786341.3620159,TRUE
102587680.595731,34,4,37,96675222.4525362,TRUE
198874578.83569,34,5,38,182177082.393124,TRUE
276306170.553551,34,6,39,287638919.077729,TRUE
449441214.250832,34,7,40,401962534.391871,TRUE
363051752.566084,34,8,41,513711378.655689,FALSE
546214247.647582,34,9,42,613218556.81567,FALSE
529317276.258,34,10,43,693638068.943476,FALSE
615270772.013795,34,11,44,751166818.654969,FALSE
799447553.901614,34,12,45,784733149.269196,FALSE
874844377.285708,34,13,46,795413513.880484,FALSE
805845599.623168,34,14,47,785769376.567589,FALSE
858481814.782358,34,15,48,759225710.353468,FALSE
670392228.649528,34,16,49,719554811.475796,FALSE
741941972.928689,34,17,50,670488173.732205,FALSE
626529016.162225,34,18,51,615453374.931717,FALSE
550373525.132159,34,19,52,557418971.438913,FALSE
591024249.487603,34,20,53,498824713.791584,FALSE
334808347.087187,34,21,54,441573935.554989,FALSE
464040993.197057,34,22,55,387067412.961449,FALSE
262277759.595413,34,23,56,336261739.291915,FALSE
235070815.809239,34,24,57,289739286.100898,FALSE
247269648.144775,34,25,58,247780551.496263,FALSE
283460165.010514,34,26,59,210432844.089079,FALSE
180767700.03688,34,27,60,177571733.503737,FALSE
178981489.232039,34,28,61,148953540.872433,FALSE
145750319.530834,34,29,62,124258429.236592,FALSE
100907173.134879,34,30,63,103124489.486497,FALSE
78107255.7809651,34,31,64,85173707.8676785,FALSE
60450898.7246142,34,32,65,70030940.5655212,FALSE
53832238.1646817,34,33,66,57337087.9419481,FALSE
59655416.5224473,34,34,67,46757617.3459318,FALSE
24047085.7362451,34,35,68,37987475.2530702,FALSE
25150100.2990056,34,36,69,30753289.7924114,FALSE
33164014.4582246,34,37,70,24813615.8436326,FALSE
15641755.1665195,34,38,71,19957831.0301304,FALSE
13858731.8888905,34,39,72,16004160.2953639,FALSE
5972514.32711711,34,40,73,12797193.3177737,FALSE
83566.5456418084,35,1,35,615131.983842028,TRUE
2346538.16797943,35,2,36,8885191.57296389,TRUE
31056232.4476903,35,3,37,36894709.1722786,TRUE
109432140.032913,35,4,38,91960316.2170044,TRUE
164765614.064932,35,5,39,173292201.24203,TRUE
259574624.196396,35,6,40,273610603.458315,TRUE
459507302.635715,35,7,41,382358590.260428,FALSE
544597027.640271,35,8,42,488657379.078117,FALSE
489382544.828001,35,9,43,583311534.892928,FALSE
732972318.640502,35,10,44,659808941.132889,FALSE
642597909.239851,35,11,45,714531980.613195,FALSE
853552450.121954,35,12,46,746461261.96597,FALSE
723811522.327764,35,13,47,756620739.048623,FALSE
676488751.114944,35,14,48,747446951.862674,FALSE
686200399.657997,35,15,49,722197835.525674,FALSE
606655671.743238,35,16,50,684461709.216841,FALSE
579137035.726568,35,17,51,637788079.633817,FALSE
610027187.654443,35,18,52,585437359.643318,FALSE
509600199.43184,35,19,53,530233327.407617,FALSE
432520551.131584,35,20,54,474496745.426702,FALSE
401150600.678137,35,21,55,420038120.592488,FALSE
357056845.674618,35,22,56,368189912.474299,FALSE
294846140.608911,35,23,57,319862060.748256,FALSE
210320740.961784,35,24,58,275608534.373004,FALSE
284201390.555986,35,25,59,235696151.40226,FALSE
239882020.975237,35,26,60,200169913.178903,FALSE
228348560.698462,35,27,61,168911457.868354,FALSE
136264136.750189,35,28,62,141688990.961427,FALSE
106337727.192687,35,29,63,118198274.132086,FALSE
108980958.287955,35,30,64,98095048.786171,FALSE
65098296.3253742,35,31,65,81019737.1175637,FALSE
43793787.6218827,35,32,66,66615491.2913843,FALSE
39208361.0639732,35,33,67,54540725.1655663,FALSE
75267296.3843449,35,34,68,44477221.4389953,FALSE
38061946.9086165,35,35,69,36134804.2232131,FALSE
52810261.4647369,35,36,70,29253434.1507392,FALSE
40851487.7880517,35,37,71,23603441.5187205,FALSE
24230177.7840574,35,38,72,18984476.1250734,FALSE
16054733.6341476,35,39,73,15223628.1873763,FALSE
11375147.6479922,35,40,74,12173066.8348903,FALSE
303004.118668807,36,1,36,585131.642982034,TRUE
41990363.5111476,36,2,37,8451855.66652903,TRUE
57760077.4527668,36,3,38,35095332.9730678,TRUE
60648359.5405171,36,4,39,87475358.6720047,TRUE
148965201.199286,36,5,40,164840640.857919,TRUE
236059728.921488,36,6,41,260266456.864946,FALSE
382899058.736683,36,7,42,363710741.766331,FALSE
409355646.061364,36,8,43,464825277.478506,FALSE
513929876.502742,36,9,44,554863095.640828,FALSE
636647609.83289,36,10,45,627629679.354263,FALSE
751241497.959152,36,11,46,679683844.706047,FALSE
647545324.509485,36,12,47,710055916.631966,FALSE
661533209.563051,36,13,48,719719910.170526,FALSE
740795728.802452,36,14,49,710993533.865141,FALSE
685519899.268757,36,15,50,686975831.462748,FALSE
547825572.154222,36,16,51,651080117.75111,FALSE
594866548.318622,36,17,52,606682787.943493,FALSE
627586214.038655,36,18,53,556885242.694731,FALSE
381065030.235374,36,19,54,504373542.881046,FALSE
336827820.619214,36,20,55,451355266.079703,FALSE
391216575.945507,36,21,56,399552619.719552,FALSE
336201997.606473,36,22,57,350233078.549896,FALSE
354778884.841357,36,23,58,304262203.965177,FALSE
270196312.723207,36,24,59,262166947.539118,FALSE
189780819.156151,36,25,60,224201114.455404,FALSE
218474464.442137,36,26,61,190407511.315526,FALSE
132779478.753232,36,27,62,160673548.859691,FALSE
122786470.505269,36,28,63,134778737.330325,FALSE
120284800.531591,36,29,64,112433676.279641,FALSE
105906706.789868,36,30,65,93310896.8032385,FALSE
145617705.59542,36,31,66,77068357.9115392,FALSE
56070071.579851,36,32,67,63366615.4439358,FALSE
44267087.8021445,36,33,68,51880742.611093,FALSE
54953414.8015419,36,34,69,42308041.7528063,FALSE
49702094.0479045,36,35,70,34372489.0256929,FALSE
38612080.9930328,36,36,71,27826727.3318772,FALSE
12512692.4868495,36,37,72,22452288.0920887,FALSE
14884253.3872832,36,38,73,18058592.2989011,FALSE
10507129.3931734,36,39,74,14481163.0794907,FALSE
30678506.9153674,36,40,75,11579379.3597614,FALSE
10846856.8470964,37,1,37,556594.436010958,TRUE
3290189.6938346,37,2,38,8039653.80163552,TRUE
19129981.1266683,37,3,39,33383713.3866323,TRUE
118310760.262639,37,4,40,83209135.0875646,TRUE
189865293.563058,37,5,41,156801267.937607,FALSE
254446469.799675,37,6,42,247573111.980483,FALSE
318499308.77091,37,7,43,345972359.575116,FALSE
432751022.551623,37,8,44,442155481.189264,FALSE
620124963.644316,37,9,45,527802103.143109,FALSE
678223135.964428,37,10,46,597019818.691722,FALSE
684929160.315137,37,11,47,646535272.442165,FALSE
717129250.514175,37,12,48,675426080.941151,FALSE
729467694.179956,37,13,49,684618755.953215,FALSE
673207808.944607,37,14,50,676317970.042269,FALSE
603490493.103859,37,15,51,653471624.808209,FALSE
702302041.823576,37,16,52,619326565.712247,FALSE
615306064.688059,37,17,53,577094519.229977,FALSE
539964422.93042,37,18,54,529725628.921451,FALSE
446152126.642182,37,19,55,479774954.928124,FALSE
392222590.278856,37,20,56,429342409.998362,FALSE
463334225.352566,37,21,57,380066208.513584,FALSE
266782589.367923,37,22,58,333152009.750132,FALSE
324070059.794105,37,23,59,289423161.175114,FALSE
299526556.155082,37,24,60,249380914.630744,FALSE
229535147.324622,37,25,61,213266697.075834,FALSE
161597480.903298,37,26,62,181121227.409281,FALSE
105736019.053289,37,27,63,152837407.414291,FALSE
129602067.502286,37,28,64,128205500.745659,FALSE
83579646.7979752,37,29,65,106950221.181983,FALSE
114729696.493477,37,30,66,88760070.6657904,FALSE
111491607.34982,37,31,67,73309689.7434084,FALSE
63711986.96467,37,32,68,60276189.1412931,FALSE
53421623.2058202,37,33,69,49350488.9366198,FALSE
35148509.4653324,37,34,70,40244654.2082741,FALSE
20839526.7867352,37,35,71,32696122.9545671,FALSE
27592266.2957966,37,36,72,26469601.8256399,FALSE
28683774.4842237,37,37,73,21357277.0805618,FALSE
12114621.9586088,37,38,74,17177864.3597767,FALSE
8600033.86565341,37,39,75,13774908.422205,FALSE
9144369.37562327,37,40,76,11014646.3644613,FALSE
81535.8322793996,38,1,38,529449.005047003,TRUE
5951836.09851518,38,2,39,7647555.25891472,TRUE
18006220.4260929,38,3,40,31755570.4724629,TRUE
171611832.057145,38,4,41,79150977.6825464,FALSE
150920454.826587,38,5,42,149153979.861272,FALSE
306622112.702839,38,6,43,235498828.831045,FALSE
294770577.087518,38,7,44,329099088.491791,FALSE
390886416.388383,38,8,45,420591303.911499,FALSE
568226825.674625,38,9,46,502060890.823087,FALSE
559747575.389524,38,10,47,567902818.549647,FALSE
602383814.737417,38,11,48,615003375.124573,FALSE
625758359.58193,38,12,49,642485162.266426,FALSE
515466943.222155,38,13,50,651229505.227771,FALSE
580406409.273464,38,14,51,643333553.422799,FALSE
538008507.518848,38,15,52,621601437.593861,FALSE
627855567.146627,38,16,53,589121652.680464,FALSE
660139027.064494,38,17,54,548949287.409647,FALSE
594213126.246114,38,18,55,503890605.142228,FALSE
346920497.863513,38,19,56,456376054.266136,FALSE
439048538.43284,38,20,57,408403133.576493,FALSE
333349239.029752,38,21,58,361530160.796544,FALSE
261436697.206567,38,22,59,316903994.505874,FALSE
304733638.347012,38,23,60,275307827.041781,FALSE
175963668.640253,38,24,61,237218463.905665,FALSE
135290433.503394,38,25,62,202865557.524612,FALSE
161642373.926308,38,26,63,172287840.913393,FALSE
122998840.772661,38,27,64,145383439.096877,FALSE
146773863.96701,38,28,65,121952844.692118,FALSE
144686809.924674,38,29,66,101734197.345162,FALSE
49891405.1161716,38,30,67,84431190.9380624,FALSE
79390763.2399732,38,31,68,69734333.9849485,FALSE
92530307.220906,38,32,69,57336484.7079686,FALSE
37263993.0698748,38,33,70,46943637.1900097,FALSE
21349289.0633509,38,34,71,38281899.2617669,FALSE
24968720.231389,38,35,72,31101514.2214773,FALSE
27579015.4075264,38,36,73,25178664.1113664,FALSE
12447485.6229048,38,37,74,20315670.3862451,FALSE
12880451.6716482,38,38,75,16340090.0291017,FALSE
39022649.8906403,38,39,76,13103098.2110041,FALSE
8963820.84723969,38,40,77,10477455.7223454,FALSE
49513.2326959253,39,1,39,503627.472373337,TRUE
3098851.4149335,39,2,40,7274579.58777487,TRUE
46322269.6696027,39,3,41,30206833.0252128,FALSE
83285956.6607971,39,4,42,75290738.9496374,FALSE
150150319.988769,39,5,43,141879654.425429,FALSE
253767935.591403,39,6,44,224013415.419548,FALSE
306750196.891838,39,7,45,313048736.549756,FALSE
320231016.598925,39,8,46,400078823.969742,FALSE
512760854.825112,39,9,47,477575092.241961,FALSE
631017517.77242,39,10,48,540205871.261316,FALSE
557527543.182281,39,11,49,585009306.585746,FALSE
603761087.296884,39,12,50,611150791.15294,FALSE
588509971.232381,39,13,51,619468667.475699,FALSE
532272842.635151,39,14,52,611957805.784367,FALSE
501114327.921624,39,15,53,591285577.751224,FALSE
588498634.169421,39,16,54,560389850.640147,FALSE
481997650.802725,39,17,55,522176714.742757,FALSE
451028420.669677,39,18,56,479315570.34076,FALSE
476849463.843391,39,19,57,434118331.455482,FALSE
445922074.721066,39,20,58,388485077.716255,FALSE
292646127.977754,39,21,59,343898126.794147,FALSE
282270487.483297,39,22,60,301448404.3158,FALSE
271869769.437517,39,23,61,261880905.877496,FALSE
239917037.229026,39,24,62,225649182.901929,FALSE
158997739.208022,39,25,63,192971687.535154,FALSE
173768977.715979,39,26,64,163885263.760518,FALSE
126730916.689492,39,27,65,138293005.104058,FALSE
154377329.351418,39,28,66,116005134.272709,FALSE
63857572.2806994,39,29,67,96772561.9926804,FALSE
89673426.9695504,39,30,68,80313433.1659229,FALSE
77040859.2446542,39,31,69,66333350.3844431,FALSE
43291783.7696339,39,32,70,54540151.3516549,FALSE
35926446.9150809,39,33,71,44654168.9882232,FALSE
14370608.597787,39,34,72,36414869.0035648,FALSE
19546060.2261977,39,35,73,29584675.4739967,FALSE
17060293.6651845,39,36,74,23950686.1723519,FALSE
12125768.6700796,39,37,75,19324863.4498541,FALSE
26253493.2362758,39,38,76,15543174.4346723,FALSE
7199482.53888741,39,39,77,12464052.5704297,FALSE
14278815.3355811,39,40,78,9966464.17699832,FALSE
342551.600923555,40,1,40,479065.270708438,TRUE
6508391.82603951,40,2,41,6919794.15476373,FALSE
21322283.2027283,40,3,42,28733628.3945623,FALSE
93191613.2492563,40,4,43,71618766.2812971,FALSE
98076316.6694258,40,5,44,134960102.02746,FALSE
221816875.445211,40,6,45,213088152.229975,FALSE
315889763.18789,40,7,46,297781169.5089,FALSE
365721094.45602,40,8,47,380566749.479658,FALSE
399355856.482324,40,9,48,454283480.149195,FALSE
458384269.603458,40,10,49,513859720.031808,FALSE
625722675.271504,40,11,50,556478066.031118,FALSE
548035818.236814,40,12,51,581344615.351566,FALSE
665964908.390962,40,13,52,589256824.059133,FALSE
634610537.165006,40,14,53,582112271.414985,FALSE
547693384.023927,40,15,54,562448239.839869,FALSE
571735556.208594,40,16,55,533059315.120468,FALSE
585710117.453088,40,17,56,496709855.852424,FALSE
423443726.0106,40,18,57,455939074.129472,FALSE
368867337.631086,40,19,58,412946130.595608,FALSE
431316467.245933,40,20,59,369538436.903148,FALSE
332708342.83632,40,21,60,327126017.237271,FALSE
349953494.177067,40,22,61,286746592.153976,FALSE
329819316.631831,40,23,62,249108823.385575,FALSE
186212039.67355,40,24,63,214644142.390858,FALSE
222242863.835508,40,25,64,183560347.278996,FALSE
130000093.745457,40,26,65,155892485.131064,FALSE
120002729.658756,40,27,66,131548375.657606,FALSE
99947181.1673886,40,28,67,110347497.113357,FALSE
79222474.2013459,40,29,68,92052908.451757,FALSE
50623182.8937118,40,30,69,76396500.8100977,FALSE
42658323.4428736,40,31,70,63098234.711398,FALSE
58536287.1614242,40,32,71,51880196.7824165,FALSE
20680868.4332301,40,33,72,42476359.4682253,FALSE
33372059.5242074,40,34,73,34638894.8855298,FALSE
25182905.1798766,40,35,74,28141813.8251703,FALSE
10657997.0129674,40,36,75,22782597.4241235,FALSE
21849754.8119057,40,37,76,18382378.7379597,FALSE
21243904.8519804,40,38,77,14785124.8724075,FALSE
3935451.31700954,40,39,78,11856173.5535165,FALSE
4573437.01871268,40,40,79,9480393.98339309,FALSE
